factory_id,employee_id,gender,email,occupation,birthdate,salary
1,1,M,ruizkatherine@yahoo.com,Immunologist,1991-08-23,112505.69
1,2,M,ltaylor@gmail.com,Water quality scientist,1917-05-10,60218.07
1,3,F,garciajohn@yahoo.com,Immunologist,1921-02-21,112614.86
1,4,F,pereznathan@yahoo.com,Armed forces technical officer,1982-03-27,101986.09
1,5,M,nancymiller@hotmail.com,Solicitor,1960-05-18,87292.83
1,6,F,melissawells@yahoo.com,"Scientist, water quality",1969-05-13,97816.33
1,7,F,clarklori@hotmail.com,"Surveyor, hydrographic",2013-03-09,76024.16
1,8,M,trush@yahoo.com,Leisure centre manager,1910-03-05,62527.97
1,9,M,mrodriguez@gmail.com,"Engineer, maintenance",1994-05-23,77030.47
1,10,F,angela31@hotmail.com,"Development worker, community",1993-10-09,76710.08
1,11,F,sara37@gmail.com,Accommodation manager,1912-02-28,90313.17
1,12,M,xgates@yahoo.com,"Therapist, speech and language",2006-02-26,83531.95
1,13,M,fordnicholas@yahoo.com,Architectural technologist,1997-08-27,91961.79
1,14,F,sjohnson@hotmail.com,Operational researcher,1961-02-17,60124.45
1,15,M,josephswanson@yahoo.com,Armed forces logistics/support/administrative officer,1995-01-20,98514.5
1,16,F,matthew44@yahoo.com,Health and safety inspector,1928-09-29,61727.15
1,17,F,loricarrillo@gmail.com,Building surveyor,1992-08-20,119595.25
1,18,M,ylester@yahoo.com,Tax inspector,1927-08-26,103423.09
1,19,F,pperkins@gmail.com,Research scientist (physical sciences),1957-05-21,115082.82
1,20,F,bradysara@hotmail.com,Geoscientist,1967-02-13,103342.85
1,21,M,mckinneydavid@gmail.com,"Journalist, broadcasting",2014-02-18,104969.57
1,22,F,reedwilliam@hotmail.com,"Production assistant, television",1930-01-15,74099.14
1,23,M,lisa77@yahoo.com,Radio broadcast assistant,2006-12-13,68657.02
1,24,M,sanfordmichael@gmail.com,"Lecturer, higher education",1970-09-19,110775.15
1,25,F,ryanmichael@yahoo.com,Translator,1965-06-13,74091.73
1,26,M,keithballard@yahoo.com,Chartered management accountant,1921-09-10,105050.33
1,27,M,wharrington@gmail.com,Primary school teacher,1932-07-30,104414.61
1,28,F,randyshaffer@yahoo.com,Probation officer,1921-09-14,81263.17
1,29,M,wadams@yahoo.com,Human resources officer,1967-10-06,111197.42
1,30,M,hgeorge@hotmail.com,"Psychologist, counselling",1908-05-22,118946.57
1,31,M,richard52@gmail.com,Careers adviser,2011-12-11,62097.79
1,32,F,rbarnes@hotmail.com,"Radiographer, therapeutic",1916-04-23,101623.81
1,33,F,jason90@gmail.com,Information officer,1985-03-24,87241.72
1,34,M,apittman@hotmail.com,Public librarian,1935-11-05,87542.02
1,35,M,richardbowers@gmail.com,Writer,1934-11-13,62722.19
1,36,F,juarezjamie@gmail.com,Water quality scientist,1957-02-07,101918.55
1,37,F,elliottanthony@yahoo.com,Special effects artist,1987-05-01,82417.55
1,38,M,richardwalter@hotmail.com,Broadcast engineer,1906-09-03,62118.27
1,39,F,campbelljessica@yahoo.com,Dance movement psychotherapist,1924-12-01,93710.38
1,40,M,moralesrobert@yahoo.com,Personnel officer,2016-06-05,112912.8
1,41,M,catherine17@yahoo.com,"Research officer, government",1922-06-30,64902.5
1,42,M,lawsonkevin@yahoo.com,Art therapist,1906-06-30,100270.4
1,43,M,kirkhailey@gmail.com,"Engineer, technical sales",1983-07-13,65750.72
1,44,F,amartinez@yahoo.com,Sports administrator,1987-12-24,65775.96
1,45,F,sandersfrances@hotmail.com,Armed forces operational officer,1911-08-29,61784.99
1,46,F,davidwheeler@yahoo.com,Politician's assistant,1990-07-09,98369.67
1,47,F,rmiller@gmail.com,"Psychotherapist, child",2013-12-22,100415.06
1,48,M,norriskimberly@yahoo.com,"Surveyor, quantity",1949-08-20,61863.17
1,49,F,btran@hotmail.com,"Journalist, magazine",1980-02-25,92628.59
1,50,F,tmccarthy@gmail.com,Museum/gallery curator,2010-04-02,95499.74
1,51,F,yturner@gmail.com,Learning mentor,1935-04-17,114278.98
1,52,M,laura83@yahoo.com,Production manager,1953-09-13,79838.66
1,53,M,brandi33@gmail.com,Artist,1912-10-17,74986.17
1,54,M,colemannicole@gmail.com,Mudlogger,1982-05-19,101712.39
1,55,F,xsullivan@yahoo.com,"Exhibitions officer, museum/gallery",1981-12-05,101323.22
1,56,M,joseph58@hotmail.com,Retail manager,1984-05-05,77822.2
1,57,F,nicholsjames@yahoo.com,"Merchandiser, retail",1957-03-06,107503.02
1,58,M,robin42@gmail.com,Dramatherapist,1945-02-23,101558.28
1,59,M,matthewschelsea@gmail.com,Chartered management accountant,1990-11-08,65674.41
1,60,M,richard61@gmail.com,"Production assistant, radio",1922-02-04,99785.87
1,61,F,penashawn@gmail.com,Energy engineer,1972-05-25,91178.84
1,62,F,ualexander@hotmail.com,Community development worker,1927-06-29,97837.65
1,63,M,gstevens@yahoo.com,Landscape architect,1961-09-03,96174.83
1,64,M,turnermark@yahoo.com,Forest/woodland manager,1933-11-12,103374.35
1,65,F,bellmichael@yahoo.com,Counselling psychologist,1955-01-03,116277.21
1,66,M,victoria15@yahoo.com,Field seismologist,1935-12-16,73286.67
1,67,M,ryanberry@hotmail.com,Chemical engineer,1924-12-24,73396.15
1,68,M,howardlaura@gmail.com,Bookseller,1947-06-03,71243.67
1,69,M,audreycook@yahoo.com,Pensions consultant,1996-06-18,61342.21
1,70,M,dakotamooney@hotmail.com,Naval architect,1979-09-15,100336.31
1,71,F,angela32@hotmail.com,"Administrator, sports",1995-11-19,110034.4
1,72,M,lfrancis@gmail.com,Archivist,1983-06-25,63816.82
1,73,M,gregory41@hotmail.com,Forensic scientist,1905-09-21,81427.62
1,74,F,wadestephanie@gmail.com,Theatre stage manager,1955-09-24,82410.43
1,75,F,barbara19@gmail.com,Firefighter,1981-03-11,69795.11
1,76,M,nbernard@yahoo.com,Advertising account planner,1995-04-20,117589.79
1,77,M,nroman@gmail.com,Maintenance engineer,1921-05-30,76868.57
1,78,M,calebjordan@hotmail.com,Product/process development scientist,1912-05-11,60900.71
1,79,F,daniellecampbell@hotmail.com,Medical technical officer,2015-09-21,76609.23
1,80,M,tony77@gmail.com,Tax inspector,2017-04-02,90440.17
1,81,M,jordandavid@hotmail.com,Higher education careers adviser,1981-05-18,100631.68
1,82,F,ghobbs@gmail.com,"Surveyor, planning and development",1905-01-10,75801.15
1,83,M,hanseneric@yahoo.com,Environmental education officer,1985-08-26,78876.29
1,84,F,walkereric@yahoo.com,Investment analyst,1994-03-09,88552.07
1,85,M,monicanash@hotmail.com,"Engineer, manufacturing",1969-01-20,86304.42
1,86,F,nicole19@hotmail.com,Tax adviser,1990-09-21,61330.61
1,87,M,amandashelton@yahoo.com,Recycling officer,1935-05-29,116889.08
1,88,M,robert96@yahoo.com,Advertising art director,1966-07-06,74205.22
1,89,F,sarahmiller@gmail.com,"Civil engineer, consulting",1971-04-29,113594.61
1,90,M,justinlambert@hotmail.com,"Designer, television/film set",2015-08-14,104909.07
1,91,M,newtoncolin@yahoo.com,Pharmacologist,2006-10-28,68206.61
1,92,M,pking@hotmail.com,Chartered accountant,2008-05-20,88209.52
1,93,M,alexanderdonna@hotmail.com,Air traffic controller,1912-08-18,102534.97
1,94,F,stevenpatterson@hotmail.com,Health and safety adviser,1972-01-30,95598.89
1,95,F,madison24@hotmail.com,Environmental health practitioner,1983-08-21,77497.85
1,96,M,davidwatkins@hotmail.com,Occupational hygienist,1939-02-24,114223.52
1,97,F,brodriguez@hotmail.com,Geographical information systems officer,1989-09-27,89633.58
1,98,F,lisa57@hotmail.com,Landscape architect,2012-06-29,90988.52
1,99,M,michelle16@gmail.com,"Pilot, airline",1995-11-12,61779.26
1,100,M,alexanderroberts@yahoo.com,Printmaker,1920-08-01,105779.99
1,101,M,campbelltaylor@gmail.com,"Administrator, local government",1952-04-27,79455.51
1,102,M,hallamy@gmail.com,Chartered accountant,1963-07-06,65094.8
1,103,F,meyershoward@yahoo.com,Travel agency manager,1910-11-23,119143.97
1,104,F,jenkinskatherine@yahoo.com,Land/geomatics surveyor,1934-01-25,75774.57
1,105,F,david38@gmail.com,Data scientist,1949-01-03,113997.32
1,106,M,kelly70@yahoo.com,Quality manager,1919-05-07,82010.53
1,107,M,brandongutierrez@gmail.com,Land,1923-05-27,72716.92
1,108,M,padillakyle@hotmail.com,Cartographer,1922-10-18,104348.61
1,109,M,alee@hotmail.com,Landscape architect,1988-06-15,110454.29
1,110,F,pam27@yahoo.com,"Editor, film/video",1941-05-07,70745.51
2,1,M,catherinegarcia@gmail.com,Contracting civil engineer,1916-02-23,106169.99
2,2,M,hannah25@gmail.com,Television/film/video producer,2019-07-20,67526.2
2,3,F,kristy88@gmail.com,"Teacher, primary school",1937-12-01,107296.05
2,4,M,jimmy06@gmail.com,Acupuncturist,1956-09-02,82406.0
2,5,M,lisa67@gmail.com,Manufacturing engineer,2013-04-19,107229.16
2,6,F,travis00@hotmail.com,Therapeutic radiographer,1925-11-14,113762.17
2,7,M,villajeffrey@hotmail.com,Restaurant manager,2005-03-19,70173.56
2,8,F,leescott@yahoo.com,Insurance underwriter,1912-12-17,73819.54
2,9,M,wrightkathryn@gmail.com,Bookseller,1909-09-15,90780.59
2,10,M,maynardalejandra@gmail.com,"Journalist, broadcasting",1906-10-10,62932.35
2,11,F,patrick21@gmail.com,Ecologist,2014-05-27,67309.08
2,12,M,javier48@gmail.com,Seismic interpreter,2008-06-27,101924.19
2,13,F,pbryant@hotmail.com,"Scientist, research (life sciences)",1975-04-24,118038.38
2,14,F,sarahaguirre@yahoo.com,Manufacturing systems engineer,1943-10-19,67853.3
2,15,M,cscott@hotmail.com,Community education officer,1922-12-11,107093.7
2,16,M,thomasdiaz@hotmail.com,Actuary,1911-03-02,83466.39
2,17,F,lwong@hotmail.com,Community arts worker,1938-12-08,118666.43
2,18,F,anthony73@yahoo.com,Solicitor,1961-10-02,91890.79
2,19,M,mauricewood@hotmail.com,Housing manager/officer,1966-09-12,85686.66
2,20,M,jessicaschmidt@hotmail.com,Phytotherapist,1985-08-02,94859.91
2,21,M,pamela08@yahoo.com,Lawyer,1931-07-03,92020.46
2,22,F,reyesrobert@hotmail.com,Statistician,1987-09-13,84523.95
2,23,M,kritter@hotmail.com,"Embryologist, clinical",1988-02-16,76947.21
2,24,M,elizabeth89@yahoo.com,Public affairs consultant,1923-08-15,110281.81
2,25,F,markmartinez@hotmail.com,Youth worker,1996-11-03,88668.15
2,26,M,cruiz@gmail.com,Advertising copywriter,2016-11-26,83842.99
2,27,M,kaylamaldonado@gmail.com,Accommodation manager,1939-07-17,99162.21
2,28,M,ujohnson@yahoo.com,"Development worker, community",1942-06-06,105598.9
2,29,M,pamelaharvey@hotmail.com,Volunteer coordinator,1919-05-07,69841.82
2,30,F,hperez@gmail.com,Sports administrator,2015-08-28,88651.16
2,31,M,heidijohnson@hotmail.com,Actor,1957-06-01,109740.51
2,32,F,michaelcobb@yahoo.com,"Scientist, clinical (histocompatibility and immunogenetics)",2005-12-08,73397.07
2,33,F,taylorariel@hotmail.com,Energy engineer,2017-08-13,92603.45
2,34,M,rubencruz@yahoo.com,Aeronautical engineer,1965-01-27,104737.74
2,35,F,meganbowman@yahoo.com,"Surveyor, hydrographic",1920-06-23,82554.34
2,36,F,crystalpalmer@hotmail.com,Exercise physiologist,1935-04-29,108241.86
2,37,F,john25@yahoo.com,Retail merchandiser,1923-07-24,63879.18
2,38,M,ksawyer@yahoo.com,Furniture designer,1989-07-27,96734.42
2,39,M,wparker@hotmail.com,Structural engineer,1929-02-23,90948.66
2,40,M,mariaweiss@yahoo.com,Sports coach,1924-04-06,67869.78
2,41,M,stacystafford@yahoo.com,Medical secretary,1952-12-11,93993.78
2,42,M,bennettsamantha@gmail.com,Careers adviser,1993-03-01,86245.6
2,43,F,brownrobert@yahoo.com,"Education officer, environmental",1989-05-10,91199.37
2,44,F,john10@yahoo.com,Hydrographic surveyor,1959-08-13,78830.25
2,45,F,dicksonbetty@hotmail.com,Legal secretary,1915-04-06,65877.61
2,46,F,dylan55@yahoo.com,Orthoptist,1941-10-04,106046.84
2,47,M,matthewbell@yahoo.com,Marketing executive,1921-01-30,109501.1
2,48,M,christophermyers@yahoo.com,IT technical support officer,2007-08-29,109946.45
2,49,M,crystalallen@gmail.com,Civil Service administrator,1938-02-18,96656.44
2,50,M,zperez@yahoo.com,Occupational psychologist,1943-11-07,103071.2
2,51,M,andrewhart@hotmail.com,"Geologist, wellsite",1996-03-16,100616.75
2,52,F,scameron@gmail.com,Aid worker,1976-10-17,89264.58
2,53,M,smithshelby@gmail.com,Automotive engineer,1979-02-05,64197.3
2,54,F,emorales@gmail.com,"Scientist, research (life sciences)",1929-03-18,99691.57
2,55,F,wendy68@yahoo.com,Consulting civil engineer,1946-12-07,65693.4
2,56,M,patrick35@yahoo.com,"Administrator, local government",1982-12-30,94763.6
2,57,F,valerie35@hotmail.com,"Production designer, theatre/television/film",1978-01-10,77833.31
2,58,M,henryrhonda@hotmail.com,Data processing manager,1928-06-13,77775.38
2,59,M,aburns@hotmail.com,Insurance risk surveyor,1923-10-04,62986.21
2,60,F,michael45@hotmail.com,Immunologist,1968-09-02,82481.37
2,61,M,kellersamantha@yahoo.com,Automotive engineer,1988-04-16,96454.77
2,62,F,cindyhendricks@hotmail.com,"Surveyor, minerals",1990-02-06,72292.87
2,63,F,bauerlarry@gmail.com,Osteopath,1946-10-06,72023.61
2,64,M,damonreyes@gmail.com,Conference centre manager,1990-07-21,117316.58
2,65,M,rickywilkins@gmail.com,Clinical research associate,1948-04-15,82534.24
2,66,F,staceymccarthy@gmail.com,Health visitor,1916-08-02,68117.77
2,67,M,latashaestrada@gmail.com,Media planner,1921-06-15,110965.69
2,68,F,kellythomas@yahoo.com,Radio producer,1963-05-23,71926.62
2,69,F,tylerwalker@yahoo.com,Web designer,2012-04-07,67478.42
2,70,M,mfreeman@gmail.com,Audiological scientist,1929-04-17,87113.56
2,71,M,greid@hotmail.com,Warehouse manager,1968-06-27,61492.26
2,72,F,valdezjesus@gmail.com,Logistics and distribution manager,1938-05-14,109660.16
2,73,M,mfarley@yahoo.com,"Psychologist, clinical",1990-01-07,111616.05
2,74,M,xturner@hotmail.com,Exercise physiologist,1975-02-15,63958.46
2,75,F,gerald52@gmail.com,Database administrator,2013-08-23,75418.4
2,76,F,alejandroreese@yahoo.com,Immigration officer,2008-03-24,116297.66
2,77,F,matthew85@yahoo.com,Insurance risk surveyor,1925-10-15,78742.15
2,78,M,roytaylor@gmail.com,Heritage manager,1922-11-18,88687.4
2,79,F,hansentracy@yahoo.com,Chartered public finance accountant,1966-08-14,104424.1
2,80,F,patricia93@hotmail.com,Radiation protection practitioner,1995-01-25,69968.79
2,81,M,ptaylor@hotmail.com,Early years teacher,2017-04-28,119757.36
2,82,M,uvillarreal@hotmail.com,"Radiographer, diagnostic",1916-07-31,103680.11
2,83,F,narias@yahoo.com,Publishing copy,1961-04-20,88639.81
2,84,F,kevin47@gmail.com,"Lecturer, higher education",1965-04-03,97332.07
2,85,F,qrodriguez@yahoo.com,Accounting technician,1967-09-23,95389.74
2,86,M,brendacampbell@gmail.com,Accounting technician,1922-01-15,92976.45
2,87,M,tamarahowe@gmail.com,"Scientist, forensic",1987-05-28,76731.04
2,88,M,campbelllori@yahoo.com,Legal executive,2009-07-04,71843.34
2,89,F,paul28@gmail.com,Firefighter,1993-04-10,117120.17
2,90,F,gpowell@gmail.com,Dietitian,1994-04-12,91298.72
2,91,M,aaron68@gmail.com,Call centre manager,1945-10-31,119544.32
2,92,F,brenda39@hotmail.com,"Surveyor, minerals",2008-05-22,97675.1
2,93,M,johnsonjeffrey@yahoo.com,Senior tax professional/tax inspector,1933-10-03,90757.69
2,94,M,cantufrank@yahoo.com,"Accountant, chartered public finance",1930-07-23,61808.21
2,95,M,kennethwebb@hotmail.com,"Surveyor, quantity",1945-03-13,87117.11
2,96,M,kwood@hotmail.com,Best boy,1910-07-22,82359.9
2,97,M,jaredkim@gmail.com,"Engineer, energy",2017-03-29,105834.34
2,98,M,igeorge@yahoo.com,"Teacher, special educational needs",1976-07-24,73012.8
2,99,M,bethstrong@yahoo.com,Geophysical data processor,1972-04-03,77143.85
2,100,F,fmyers@hotmail.com,Immunologist,1953-04-05,96698.29
2,101,M,timothy19@yahoo.com,"Radiographer, therapeutic",2003-08-17,91683.78
2,102,M,hugheslisa@yahoo.com,Public relations account executive,1937-06-13,105177.36
2,103,F,wilkinsonamber@yahoo.com,Claims inspector/assessor,1925-01-18,72327.9
2,104,F,tylerbishop@hotmail.com,Editorial assistant,1942-01-13,65313.06
2,105,M,ronnieknight@yahoo.com,Location manager,2001-09-05,63285.75
2,106,M,kellis@hotmail.com,"Therapist, music",1928-05-24,104821.94
2,107,F,zgoodwin@yahoo.com,"Administrator, local government",1986-06-02,82932.92
2,108,M,smithedward@yahoo.com,Leisure centre manager,1993-05-09,96609.09
2,109,M,canderson@hotmail.com,Contractor,2013-12-30,76880.61
2,110,M,mbaird@hotmail.com,Lawyer,1993-08-28,103692.79
3,1,F,william97@gmail.com,Maintenance engineer,1967-12-21,67248.08
3,2,F,alexandria18@hotmail.com,Prison officer,1982-02-18,83287.27
3,3,M,tperry@yahoo.com,Science writer,1909-10-10,113312.53
3,4,F,cdecker@gmail.com,"Pharmacist, hospital",1969-09-14,65412.71
3,5,F,reedpatricia@yahoo.com,Building surveyor,2016-08-10,106026.09
3,6,F,brose@gmail.com,Production engineer,1969-05-28,85803.06
3,7,F,richardmercado@yahoo.com,"Designer, furniture",1913-02-06,101208.96
3,8,M,stevengomez@yahoo.com,Personal assistant,1989-11-02,107404.25
3,9,M,patricia20@yahoo.com,Lawyer,2011-10-24,88424.34
3,10,F,udouglas@yahoo.com,Mechanical engineer,1964-07-24,69388.71
3,11,M,xmiller@gmail.com,"Administrator, education",1935-06-26,71306.46
3,12,F,codymitchell@hotmail.com,"Engineer, water",1942-12-30,80992.38
3,13,F,jennifer26@yahoo.com,Tour manager,1933-06-16,99007.14
3,14,M,rhodesjennifer@yahoo.com,Fine artist,1981-12-04,75835.09
3,15,F,heidianderson@yahoo.com,Web designer,1999-10-24,113492.14
3,16,M,scottwalters@gmail.com,Air traffic controller,1988-01-20,72351.07
3,17,M,jestrada@hotmail.com,Visual merchandiser,1906-08-06,90895.43
3,18,M,leejennifer@hotmail.com,Hotel manager,1978-06-09,82880.2
3,19,F,travishayes@gmail.com,Environmental education officer,1922-07-18,104237.35
3,20,M,yking@yahoo.com,Sub,1947-08-29,99990.84
3,21,F,robert66@gmail.com,Building control surveyor,1939-09-29,99820.7
3,22,M,pknight@yahoo.com,Politician's assistant,1992-07-15,97305.38
3,23,F,adamskevin@yahoo.com,Tax inspector,1949-01-18,104960.42
3,24,M,nicoleadkins@hotmail.com,"Journalist, broadcasting",2007-07-20,69946.38
3,25,F,michaelturner@hotmail.com,Colour technologist,1949-10-17,62202.02
3,26,F,lisasmith@gmail.com,"Psychologist, occupational",1923-09-03,104538.78
3,27,F,andersonjulia@hotmail.com,Statistician,1961-01-19,60745.54
3,28,F,wperez@yahoo.com,"Scientist, water quality",1967-11-13,117512.64
3,29,F,joneskelli@gmail.com,Dentist,1964-01-03,97742.64
3,30,M,barbara00@yahoo.com,"Teacher, music",1929-02-21,62898.3
3,31,M,shannon04@yahoo.com,Health promotion specialist,1924-11-06,105185.66
3,32,F,andrew99@yahoo.com,"Engineer, electrical",1915-09-11,93856.24
3,33,M,melanie05@hotmail.com,Industrial/product designer,1929-12-24,97853.48
3,34,F,miguel52@gmail.com,Dramatherapist,1920-03-29,87728.06
3,35,F,david89@gmail.com,Emergency planning/management officer,2005-03-31,72888.22
3,36,F,jharris@hotmail.com,"Scientist, biomedical",1948-05-18,106019.89
3,37,M,eharrison@hotmail.com,"Psychologist, prison and probation services",2016-05-03,119827.98
3,38,F,desireeritter@gmail.com,Planning and development surveyor,1918-12-05,109132.79
3,39,F,tuckermichelle@gmail.com,Technical brewer,2000-12-07,114543.54
3,40,F,brittanykelly@gmail.com,Theatre manager,1960-12-30,100235.38
3,41,F,cnguyen@gmail.com,Corporate treasurer,1967-03-12,94464.95
3,42,M,imitchell@gmail.com,Agricultural consultant,2013-10-26,100595.19
3,43,M,jessicadennis@gmail.com,Water quality scientist,2017-12-21,69247.54
3,44,M,robertlee@yahoo.com,Orthoptist,2014-03-04,68607.57
3,45,F,robin33@yahoo.com,"Scientist, clinical (histocompatibility and immunogenetics)",2001-06-16,83320.15
3,46,F,zholmes@hotmail.com,"Administrator, sports",1947-08-07,77399.91
3,47,M,roberthartman@yahoo.com,Youth worker,1992-11-16,81661.7
3,48,M,sbaker@gmail.com,"Administrator, Civil Service",1966-11-27,86401.5
3,49,F,amyturner@gmail.com,"Administrator, charities/voluntary organisations",1993-05-17,92481.29
3,50,M,parkermadison@gmail.com,Interpreter,1924-01-19,98116.56
3,51,M,deanshelley@gmail.com,"Scientist, biomedical",1978-03-14,105790.56
3,52,M,mejiajohn@yahoo.com,Arts administrator,2008-08-02,88524.5
3,53,F,steven36@gmail.com,Economist,1948-04-14,100108.61
3,54,M,madisontorres@yahoo.com,Publishing copy,1922-11-16,101474.49
3,55,M,danielmullins@yahoo.com,Electronics engineer,1921-11-26,69950.45
3,56,F,tanyaroberts@hotmail.com,"Teacher, primary school",2008-08-08,102758.7
3,57,M,goldenjeff@hotmail.com,Tour manager,1925-05-31,90984.97
3,58,M,donald43@yahoo.com,Veterinary surgeon,1950-09-07,79909.66
3,59,M,juliajordan@yahoo.com,Food technologist,1947-06-10,65830.81
3,60,M,fdunn@gmail.com,Data scientist,1970-02-18,94853.47
3,61,F,sdavidson@gmail.com,"Editor, magazine features",2012-06-29,81393.25
3,62,F,andersonbrandon@gmail.com,Tourist information centre manager,2000-08-19,65420.78
3,63,M,shirley08@yahoo.com,"Engineer, mining",2020-10-07,106652.25
3,64,F,christopher48@yahoo.com,Astronomer,1971-03-29,95019.11
3,65,F,gaildaniel@hotmail.com,Video editor,1914-12-31,105942.49
3,66,M,ychapman@gmail.com,Accounting technician,1992-11-02,108235.74
3,67,F,smithcharles@hotmail.com,"Surveyor, building",1959-03-20,80841.83
3,68,M,jeffrey00@hotmail.com,Armed forces operational officer,1915-03-30,89722.38
3,69,F,claire26@hotmail.com,"Production designer, theatre/television/film",1984-05-14,82144.48
3,70,M,amythompson@gmail.com,Probation officer,1911-10-24,74502.06
3,71,M,matthewwatkins@hotmail.com,Patent attorney,1997-09-20,101973.63
3,72,F,harrisjessica@gmail.com,"Programmer, multimedia",1922-08-21,83429.35
3,73,M,david94@yahoo.com,Wellsite geologist,1983-04-03,98304.94
3,74,F,daniel07@hotmail.com,"Designer, television/film set",1993-12-27,93753.23
3,75,F,norrisjoshua@gmail.com,Chief Financial Officer,1971-02-19,63497.75
3,76,M,tbrown@gmail.com,Psychiatric nurse,1962-09-15,109670.73
3,77,M,riceandrew@hotmail.com,"Doctor, general practice",1935-12-09,114421.16
3,78,M,mark78@gmail.com,Tourist information centre manager,1998-09-16,80860.38
3,79,F,chambersvanessa@yahoo.com,"Engineer, chemical",2008-08-25,97075.99
3,80,F,johnsonmichael@yahoo.com,Personnel officer,1942-12-15,61670.25
3,81,F,mannjason@hotmail.com,"Teacher, music",1909-12-06,117607.29
3,82,F,morristimothy@hotmail.com,English as a foreign language teacher,1929-07-24,92217.55
3,83,M,millermorgan@gmail.com,"Surveyor, planning and development",1928-06-28,103617.25
3,84,M,nwilson@gmail.com,"Surveyor, land/geomatics",1919-02-14,78723.07
3,85,M,elizabethyoung@hotmail.com,Mining engineer,1982-11-21,114877.29
3,86,F,blakerodriguez@hotmail.com,Government social research officer,1975-04-07,71491.23
3,87,F,nicholasnelson@yahoo.com,Science writer,2007-08-26,112809.75
3,88,M,wilsonjohn@hotmail.com,Fashion designer,1942-12-13,89117.7
3,89,F,ohughes@gmail.com,Industrial buyer,1976-07-31,66384.39
3,90,F,smanning@yahoo.com,"Radiographer, diagnostic",1954-04-07,74361.37
3,91,M,meagansmith@gmail.com,Risk manager,1996-01-24,93909.12
3,92,M,james45@gmail.com,Volunteer coordinator,1911-04-05,90277.26
3,93,F,douglas26@yahoo.com,Tourism officer,1951-08-06,106917.74
3,94,F,brandonriley@yahoo.com,Equality and diversity officer,1992-02-03,72911.52
3,95,M,gonzalezchristina@hotmail.com,"Engineer, aeronautical",1920-07-27,92305.53
3,96,F,john00@hotmail.com,Brewing technologist,1980-03-07,112869.59
3,97,F,elizabeth47@yahoo.com,Health and safety inspector,1948-12-08,89986.68
3,98,M,ruizkristina@gmail.com,Risk analyst,1950-10-03,83138.88
3,99,M,cynthia64@gmail.com,Agricultural engineer,1978-02-07,71889.35
3,100,M,cheryl03@yahoo.com,"Education officer, community",2016-03-13,68733.14
3,101,M,millerdanny@hotmail.com,Newspaper journalist,2014-10-20,102243.12
3,102,M,raven69@hotmail.com,Oncologist,2007-03-27,84569.46
3,103,F,brandycruz@yahoo.com,Agricultural consultant,1919-05-01,81900.65
3,104,F,ortegaedward@gmail.com,Set designer,1964-01-31,62050.04
3,105,F,marshallamanda@gmail.com,Immigration officer,1925-02-20,114390.72
3,106,M,matthew25@yahoo.com,"Psychologist, educational",1949-09-07,77342.52
3,107,F,tknight@hotmail.com,Aid worker,2020-06-26,101074.92
3,108,F,mckinneyjames@gmail.com,Network engineer,1987-09-12,66863.17
3,109,F,michaelwagner@gmail.com,Land/geomatics surveyor,1968-03-13,81721.82
3,110,M,samuelnguyen@gmail.com,Commercial/residential surveyor,2017-05-01,104025.25
4,1,M,wcunningham@hotmail.com,Conference centre manager,1920-08-07,86854.12
4,2,F,hansenamy@yahoo.com,Claims inspector/assessor,1940-04-17,70157.25
4,3,F,acunningham@hotmail.com,"Surveyor, quantity",1941-12-11,100727.05
4,4,F,kevin18@hotmail.com,Water engineer,1916-08-07,89288.16
4,5,M,justinrussell@gmail.com,Broadcast journalist,1947-02-08,96974.58
4,6,F,dan19@yahoo.com,Private music teacher,1928-03-27,95869.26
4,7,F,fhawkins@hotmail.com,Futures trader,1994-02-20,82232.16
4,8,M,nelsonsherri@yahoo.com,Water quality scientist,1984-01-16,79948.46
4,9,F,joshuaturner@hotmail.com,Computer games developer,1925-07-27,79284.93
4,10,F,daniel78@gmail.com,Financial planner,1983-05-30,95029.73
4,11,F,douglasbrady@gmail.com,"Administrator, arts",1987-07-21,116993.18
4,12,F,quinnalec@yahoo.com,Systems analyst,1933-10-11,91871.94
4,13,M,lisarussell@yahoo.com,Information systems manager,1995-06-15,65217.19
4,14,F,travisyoung@gmail.com,Environmental consultant,1958-09-16,80469.2
4,15,M,angela72@yahoo.com,Trading standards officer,2012-02-29,114162.58
4,16,F,cward@hotmail.com,General practice doctor,1908-08-16,84433.99
4,17,M,jefferybutler@hotmail.com,Government social research officer,1975-07-29,100893.7
4,18,F,wdavis@hotmail.com,Soil scientist,1941-05-23,109984.45
4,19,F,wlynch@yahoo.com,Translator,1921-08-22,111395.64
4,20,M,gwilson@gmail.com,Banker,1984-12-17,81307.9
4,21,M,cardenasmiguel@gmail.com,Oceanographer,2002-07-12,99172.63
4,22,F,edwardslisa@gmail.com,Animal technologist,1918-03-22,76239.11
4,23,M,stevenblanchard@gmail.com,Purchasing manager,1956-07-01,111009.13
4,24,M,bryannoble@gmail.com,Theme park manager,1933-06-18,83306.36
4,25,F,tabitha49@hotmail.com,Trade union research officer,1989-11-06,92352.52
4,26,M,brittany92@yahoo.com,Environmental consultant,1973-11-17,101299.37
4,27,M,ywheeler@yahoo.com,Recycling officer,1948-05-08,78256.51
4,28,F,angelastone@hotmail.com,Broadcast presenter,2011-10-07,105892.67
4,29,M,bradley30@yahoo.com,"Engineer, chemical",1906-04-01,71500.92
4,30,M,robertwolfe@gmail.com,Clinical cytogeneticist,1982-05-03,90651.48
4,31,F,jeffrey54@gmail.com,"Social research officer, government",1989-10-16,77888.99
4,32,M,grantmatthew@hotmail.com,Child psychotherapist,1918-04-30,99698.81
4,33,F,walterrivera@yahoo.com,Town planner,2008-03-29,112295.54
4,34,F,xfowler@yahoo.com,"Psychologist, sport and exercise",1921-05-08,82132.59
4,35,M,matthewsnicholas@hotmail.com,Control and instrumentation engineer,1961-02-25,87775.84
4,36,M,cmaldonado@gmail.com,"Scientist, clinical (histocompatibility and immunogenetics)",1956-06-25,100716.66
4,37,F,amyhoover@yahoo.com,"Surveyor, insurance",1977-09-04,108380.64
4,38,M,ztucker@yahoo.com,Restaurant manager,1924-05-13,103902.96
4,39,M,brianortiz@hotmail.com,"Administrator, education",1971-07-22,93146.99
4,40,F,donnabennett@yahoo.com,Physiological scientist,1987-04-17,63246.29
4,41,M,tiffany93@hotmail.com,Control and instrumentation engineer,1984-09-17,79394.4
4,42,M,sherryreid@yahoo.com,Sports coach,1986-03-10,91461.43
4,43,M,taylorgreen@hotmail.com,Air cabin crew,1966-08-11,92499.89
4,44,F,olang@gmail.com,Dentist,1988-03-29,90349.83
4,45,F,nhawkins@hotmail.com,Financial controller,1983-10-07,97841.38
4,46,F,robinsonjeremy@gmail.com,Environmental consultant,1934-07-22,60469.63
4,47,F,robinsonrobert@hotmail.com,"Geneticist, molecular",1978-03-10,115639.79
4,48,M,murraykristina@gmail.com,Data processing manager,1917-07-20,111172.46
4,49,F,tortiz@hotmail.com,Proofreader,1969-08-06,104659.88
4,50,F,halllarry@yahoo.com,"Engineer, maintenance (IT)",1974-08-27,101429.02
4,51,M,mitchell62@hotmail.com,"Therapist, speech and language",1921-07-14,93554.91
4,52,F,dkeller@yahoo.com,Mechanical engineer,1922-09-18,113439.69
4,53,M,ifitzgerald@yahoo.com,Tour manager,2009-09-30,100984.13
4,54,F,melindachapman@gmail.com,Logistics and distribution manager,1934-10-13,76475.67
4,55,F,jchang@gmail.com,Clothing/textile technologist,1942-11-10,67066.42
4,56,F,markjohnson@yahoo.com,Civil Service administrator,1946-04-09,87645.87
4,57,F,smurray@hotmail.com,Dancer,1969-10-28,94315.31
4,58,F,hcampbell@gmail.com,"Engineer, structural",1946-10-13,109860.42
4,59,M,davidandrade@gmail.com,Drilling engineer,1951-10-31,88292.11
4,60,M,aliciachavez@hotmail.com,Civil Service fast streamer,2013-10-16,69862.7
4,61,F,gmartinez@yahoo.com,Chief Technology Officer,1978-04-27,73145.05
4,62,M,nathanwinters@gmail.com,Armed forces technical officer,1978-04-15,94359.54
4,63,M,richard21@gmail.com,"Scientist, physiological",1954-05-30,94317.09
4,64,F,vwright@gmail.com,Podiatrist,1920-04-02,68583.74
4,65,F,ebooker@gmail.com,Retail buyer,1911-04-20,77914.14
4,66,M,ccamacho@hotmail.com,Haematologist,1912-03-26,92050.3
4,67,M,tina52@yahoo.com,"Scientist, biomedical",1923-04-12,110723.26
4,68,M,lorisharp@gmail.com,Administrator,2004-03-22,118217.48
4,69,F,stacy29@yahoo.com,"Teacher, special educational needs",1951-04-08,104687.3
4,70,M,nicoleoneill@gmail.com,"Engineer, mining",1937-05-24,115748.71
4,71,F,nsandoval@hotmail.com,Biomedical engineer,1948-03-01,85365.65
4,72,F,jane08@gmail.com,Architect,2004-12-07,103980.75
4,73,M,brittany37@gmail.com,Professor Emeritus,2003-08-15,83657.37
4,74,M,ingramlisa@yahoo.com,Recruitment consultant,1979-07-11,62516.45
4,75,M,suzanne81@yahoo.com,"Engineer, automotive",2003-08-07,65152.0
4,76,M,sanchezmaria@gmail.com,Armed forces operational officer,1956-02-02,68426.92
4,77,F,bradymeagan@gmail.com,Nature conservation officer,1963-05-13,117586.2
4,78,M,jessicabeltran@gmail.com,Operational investment banker,1923-03-09,111465.5
4,79,F,valdezjennifer@hotmail.com,Higher education lecturer,1941-01-15,83814.29
4,80,M,timothysmith@hotmail.com,"Psychologist, counselling",1940-03-17,85367.54
4,81,F,dianastephens@gmail.com,"Psychotherapist, dance movement",1913-05-23,115483.13
4,82,F,ashley43@hotmail.com,Quantity surveyor,1966-01-05,75207.46
4,83,M,michael79@yahoo.com,Clinical psychologist,1965-07-18,106332.13
4,84,F,wardkent@hotmail.com,Architectural technologist,1962-07-27,79981.51
4,85,F,nicholssherry@gmail.com,IT sales professional,1917-11-07,97822.15
4,86,M,jacob59@hotmail.com,Drilling engineer,2006-07-09,66765.39
4,87,F,jamie46@hotmail.com,"Horticulturist, amenity",2014-08-31,70777.3
4,88,F,mitchelljean@yahoo.com,Toxicologist,1919-06-05,91932.4
4,89,F,reginagreen@hotmail.com,"Teacher, music",1907-12-15,84722.66
4,90,M,zalvarez@hotmail.com,Academic librarian,1933-09-10,117485.44
4,91,M,lisa68@gmail.com,Systems analyst,1931-10-11,75200.79
4,92,F,ekim@hotmail.com,Marine scientist,1934-10-05,91720.75
4,93,F,emilyroach@yahoo.com,Consulting civil engineer,1905-02-03,64978.57
4,94,F,dwalker@yahoo.com,"Conservator, furniture",1930-11-22,111148.16
4,95,F,timothyavila@yahoo.com,Technical sales engineer,1985-01-11,78899.04
4,96,M,erikathomas@yahoo.com,"Teacher, special educational needs",2004-06-13,107136.07
4,97,F,renee40@hotmail.com,Theatre stage manager,1962-08-20,96476.49
4,98,M,robin51@hotmail.com,Phytotherapist,1930-03-16,73364.83
4,99,M,rharrell@gmail.com,Health and safety inspector,1993-04-17,81998.96
4,100,F,scottshepard@yahoo.com,"Geologist, engineering",1978-10-10,80453.75
4,101,F,acole@gmail.com,IT consultant,1918-12-19,92864.09
4,102,F,harriskelli@hotmail.com,Leisure centre manager,1941-06-21,113640.71
4,103,M,wstewart@hotmail.com,Interior and spatial designer,1931-01-01,88631.15
4,104,F,youngmatthew@yahoo.com,Research scientist (maths),2012-07-03,103958.48
4,105,M,holly65@gmail.com,Education administrator,1918-06-20,67558.37
4,106,M,qcontreras@gmail.com,Publishing copy,1940-09-14,112479.18
4,107,F,danielgarcia@yahoo.com,Contractor,2019-11-16,73913.87
4,108,F,ryanfarmer@yahoo.com,"Engineer, mining",1981-03-12,113863.29
4,109,F,ryan41@gmail.com,Database administrator,1979-02-02,114052.24
4,110,F,grhodes@gmail.com,"Engineer, electronics",1919-03-14,67305.24
5,1,F,mdelacruz@yahoo.com,"Therapist, sports",1990-07-29,109907.15
5,2,M,jeremy42@gmail.com,"Surveyor, commercial/residential",1934-07-25,85195.08
5,3,M,dmata@yahoo.com,Clinical research associate,1969-05-16,114545.01
5,4,M,anne18@gmail.com,Architectural technologist,1991-01-21,78066.95
5,5,M,michelleboyd@gmail.com,"Designer, jewellery",2006-04-15,100089.76
5,6,F,butlerchristy@gmail.com,Television production assistant,1975-05-16,112502.08
5,7,F,hillalice@gmail.com,"Designer, fashion/clothing",2003-02-20,110678.0
5,8,F,aguilareddie@gmail.com,Public house manager,1969-09-22,119648.64
5,9,M,amandawhite@hotmail.com,Retail manager,1991-03-16,119266.89
5,10,M,qjuarez@yahoo.com,Chiropractor,2010-12-23,107601.24
5,11,F,haleysimmons@hotmail.com,"Engineer, broadcasting (operations)",2012-07-13,80933.69
5,12,M,mannjennifer@gmail.com,Market researcher,1942-02-11,88122.59
5,13,M,torressteven@gmail.com,"Engineer, electrical",1979-01-22,95115.68
5,14,F,kingjeffrey@hotmail.com,Make,1962-10-22,77390.98
5,15,M,fsnyder@gmail.com,Operational researcher,1985-01-09,107368.54
5,16,M,ylopez@gmail.com,Press photographer,1940-06-17,111588.37
5,17,M,mccartycarolyn@hotmail.com,Animal technologist,1945-12-30,97668.81
5,18,F,iwhitney@gmail.com,Maintenance engineer,2019-11-19,110400.18
5,19,F,lindsey83@gmail.com,"Editor, magazine features",1946-04-12,82794.96
5,20,F,reyesmargaret@gmail.com,Illustrator,1931-02-02,95430.7
5,21,F,sanchezvictoria@yahoo.com,Set designer,2011-01-26,104823.29
5,22,F,jameschen@hotmail.com,Medical technical officer,1907-04-25,68481.58
5,23,F,tonimason@yahoo.com,"Administrator, education",1960-05-31,93968.1
5,24,M,dianelee@hotmail.com,"Radiographer, diagnostic",1936-04-03,104594.23
5,25,M,nancy81@hotmail.com,Quality manager,1934-09-08,99540.94
5,26,F,marissa18@gmail.com,Management consultant,1931-04-01,115692.85
5,27,M,fturner@hotmail.com,Outdoor activities/education manager,2007-12-04,62692.86
5,28,F,madisongarcia@gmail.com,Field seismologist,1955-09-14,114321.91
5,29,M,yperry@hotmail.com,Child psychotherapist,1983-04-20,66635.9
5,30,M,michelle29@hotmail.com,Industrial buyer,1954-08-08,63874.43
5,31,M,alexismays@yahoo.com,Prison officer,1990-07-22,108345.25
5,32,F,amberharper@hotmail.com,"Pharmacist, community",1942-01-21,82811.39
5,33,M,richardjuan@hotmail.com,"Presenter, broadcasting",1966-08-22,66891.9
5,34,M,brandoncohen@hotmail.com,"Psychologist, prison and probation services",2018-03-04,82951.34
5,35,M,eflores@gmail.com,"Exhibitions officer, museum/gallery",1975-12-15,89404.71
5,36,M,barajasjames@yahoo.com,Video editor,1934-02-13,112796.59
5,37,F,moralesashley@gmail.com,Mudlogger,1964-06-25,82291.06
5,38,F,fbrown@yahoo.com,Armed forces technical officer,1980-09-19,115164.67
5,39,M,craig81@yahoo.com,Communications engineer,1968-04-03,87822.43
5,40,F,hayley64@gmail.com,Production engineer,2020-02-20,95048.72
5,41,F,perkinslisa@gmail.com,Information systems manager,1961-11-17,64948.4
5,42,M,andreastewart@yahoo.com,Scientific laboratory technician,1919-01-05,104543.34
5,43,M,smoore@gmail.com,Futures trader,2019-12-20,99242.06
5,44,M,spacheco@gmail.com,Architectural technologist,1928-02-25,65636.29
5,45,M,barbaralandry@gmail.com,Best boy,1917-09-12,103566.34
5,46,M,tapiaelizabeth@yahoo.com,Homeopath,2010-11-10,79633.53
5,47,F,eric42@gmail.com,Financial planner,1996-07-31,108332.47
5,48,F,justin83@yahoo.com,"Engineer, technical sales",2005-07-19,98680.22
5,49,F,brian64@gmail.com,"Doctor, general practice",1999-01-07,94833.52
5,50,F,henryluna@hotmail.com,"Designer, industrial/product",1943-03-26,81662.62
5,51,M,smithashley@hotmail.com,Sports therapist,1991-12-29,111719.94
5,52,F,sandersjacqueline@gmail.com,"Scientist, research (physical sciences)",2006-11-17,115302.9
5,53,M,zacharygutierrez@yahoo.com,"Administrator, education",1959-11-20,107544.38
5,54,F,robertharris@hotmail.com,Sub,1944-08-17,105343.52
5,55,F,matthew75@yahoo.com,Naval architect,1950-01-09,104669.96
5,56,M,estradamichael@hotmail.com,"Engineer, drilling",1935-04-30,102947.38
5,57,M,christina51@gmail.com,Exercise physiologist,1969-07-14,60010.59
5,58,M,ryan58@hotmail.com,"Radiographer, therapeutic",1987-03-01,66354.61
5,59,F,william69@hotmail.com,Travel agency manager,1924-04-11,82184.09
5,60,M,james29@hotmail.com,"Producer, radio",1975-12-11,110419.36
5,61,M,byoung@hotmail.com,Civil Service fast streamer,1924-02-15,83688.65
5,62,F,lawrence91@gmail.com,Arboriculturist,2003-02-05,111248.09
5,63,F,paulawilliams@yahoo.com,"Designer, furniture",2000-09-25,81642.87
5,64,F,christopherjohnson@hotmail.com,Dispensing optician,2018-06-19,66574.45
5,65,M,ethomas@yahoo.com,Dietitian,1971-04-19,104427.43
5,66,F,garciabethany@hotmail.com,"Sales professional, IT",1969-08-21,109611.81
5,67,M,ginabrown@hotmail.com,Diagnostic radiographer,1964-08-03,112114.75
5,68,M,christianerik@gmail.com,"Teacher, primary school",2005-01-07,119536.27
5,69,M,morgan95@hotmail.com,Airline pilot,1934-07-02,81342.68
5,70,M,davidrichard@yahoo.com,"Engineer, petroleum",1973-02-23,89432.62
5,71,M,amberjames@yahoo.com,Control and instrumentation engineer,2007-11-05,108508.3
5,72,F,jeffrey15@yahoo.com,Travel agency manager,1957-09-22,94483.13
5,73,F,ericaryan@yahoo.com,"Librarian, academic",2001-10-31,76283.76
5,74,F,jameswilkinson@gmail.com,"Surveyor, mining",1975-06-27,60812.76
5,75,M,rogerssara@gmail.com,"Engineer, chemical",1912-06-21,91030.86
5,76,M,oevans@gmail.com,"Development worker, community",2007-07-21,66315.62
5,77,F,qwashington@hotmail.com,Academic librarian,1945-04-16,92524.92
5,78,M,kmiller@yahoo.com,Financial planner,1933-05-05,86537.78
5,79,M,lopezjoseph@hotmail.com,Paramedic,1941-04-06,95696.86
5,80,M,travismason@yahoo.com,"Engineer, manufacturing",1930-10-03,65782.79
5,81,M,tanderson@hotmail.com,Dramatherapist,1992-10-31,99958.6
5,82,M,mark78@hotmail.com,"Presenter, broadcasting",1918-07-08,114051.96
5,83,F,btaylor@gmail.com,"Surveyor, building",2000-03-02,99800.38
5,84,M,amandahall@gmail.com,Exhibition designer,1909-08-18,66757.67
5,85,M,jennifer61@yahoo.com,"Solicitor, Scotland",1936-04-06,91199.97
5,86,M,luisrice@hotmail.com,"Buyer, industrial",1958-07-04,105610.26
5,87,M,ronald82@gmail.com,"Surveyor, rural practice",1998-04-16,72635.05
5,88,M,delacruzashley@gmail.com,Risk analyst,1919-08-26,71501.29
5,89,M,shelley29@gmail.com,Financial planner,1947-10-27,97003.12
5,90,M,nmorgan@hotmail.com,"Development worker, international aid",1930-02-27,108190.3
5,91,M,tvance@yahoo.com,Oceanographer,1962-01-21,88542.67
5,92,M,kimchristopher@gmail.com,"Engineer, electronics",1991-09-01,89783.65
5,93,F,bakerjeanette@yahoo.com,"Merchandiser, retail",1963-02-24,94271.51
5,94,F,alyssafowler@hotmail.com,Financial adviser,1936-03-31,89851.43
5,95,M,rwalsh@hotmail.com,"Engineer, electronics",1906-08-07,95980.59
5,96,M,pearsonashley@yahoo.com,"Accountant, chartered certified",2018-05-17,104942.59
5,97,F,walkervincent@gmail.com,Public house manager,1979-10-02,111725.12
5,98,M,fieldstimothy@gmail.com,Advertising account executive,1997-12-28,93199.52
5,99,F,jacqueline16@gmail.com,Equities trader,1910-03-28,104122.87
5,100,M,tmartinez@gmail.com,Travel agency manager,2019-03-05,92671.04
5,101,F,benjaminjason@gmail.com,Homeopath,1993-05-27,99500.23
5,102,M,sheilalee@gmail.com,Bonds trader,1935-05-29,81375.12
5,103,M,jamie43@hotmail.com,Arts development officer,1942-04-14,106370.78
5,104,M,amy90@gmail.com,"Engineer, electronics",1922-07-15,81182.74
5,105,F,dawn90@gmail.com,"Engineer, mining",1924-11-18,71554.9
5,106,F,jessicabenitez@hotmail.com,Exercise physiologist,1940-09-17,96069.14
5,107,M,michaelcharles@hotmail.com,Commercial/residential surveyor,1935-10-01,78144.79
5,108,F,lhernandez@gmail.com,Financial manager,1947-07-05,91522.06
5,109,F,christopher85@hotmail.com,Ecologist,1958-10-13,83400.5
5,110,M,hannahhicks@hotmail.com,Theme park manager,1968-08-12,107108.0
